_id,gender,race_ethnicity,parental_level_of_education,lunch,test_preparation_course,math_score,reading_score,writing_score
66602a58f7b51745f5c6a944,female,group B,bachelor's degree,standard,none,72,72,74
66602a58f7b51745f5c6a945,female,group C,some college,standard,completed,69,90,88
66602a58f7b51745f5c6a946,female,group B,master's degree,standard,none,90,95,93
66602a58f7b51745f5c6a947,male,group A,associate's degree,free/reduced,none,47,57,44
66602a58f7b51745f5c6a948,male,group C,some college,standard,none,76,78,75
66602a58f7b51745f5c6a949,female,group B,associate's degree,standard,none,71,83,78
66602a58f7b51745f5c6a94a,female,group B,some college,standard,completed,88,95,92
66602a58f7b51745f5c6a94b,male,group B,some college,free/reduced,none,40,43,39
66602a58f7b51745f5c6a94c,male,group D,high school,free/reduced,completed,64,64,67
66602a58f7b51745f5c6a94d,female,group B,high school,free/reduced,none,38,60,50
66602a58f7b51745f5c6a94e,male,group C,associate's degree,standard,none,58,54,52
66602a58f7b51745f5c6a94f,male,group D,associate's degree,standard,none,40,52,43
66602a58f7b51745f5c6a950,female,group B,high school,standard,none,65,81,73
66602a58f7b51745f5c6a951,male,group A,some college,standard,completed,78,72,70
66602a58f7b51745f5c6a952,female,group A,master's degree,standard,none,50,53,58
66602a58f7b51745f5c6a953,female,group C,some high school,standard,none,69,75,78
66602a58f7b51745f5c6a954,male,group C,high school,standard,none,88,89,86
66602a58f7b51745f5c6a955,female,group B,some high school,free/reduced,none,18,32,28
66602a58f7b51745f5c6a956,male,group C,master's degree,free/reduced,completed,46,42,46
66602a58f7b51745f5c6a957,female,group C,associate's degree,free/reduced,none,54,58,61
66602a58f7b51745f5c6a958,male,group D,high school,standard,none,66,69,63
66602a58f7b51745f5c6a959,female,group B,some college,free/reduced,completed,65,75,70
66602a58f7b51745f5c6a95a,male,group D,some college,standard,none,44,54,53
66602a58f7b51745f5c6a95b,female,group C,some high school,standard,none,69,73,73
66602a58f7b51745f5c6a95c,male,group D,bachelor's degree,free/reduced,completed,74,71,80
66602a58f7b51745f5c6a95d,male,group A,master's degree,free/reduced,none,73,74,72
66602a58f7b51745f5c6a95e,male,group B,some college,standard,none,69,54,55
66602a58f7b51745f5c6a95f,female,group C,bachelor's degree,standard,none,67,69,75
66602a58f7b51745f5c6a960,male,group C,high school,standard,none,70,70,65
66602a58f7b51745f5c6a961,female,group D,master's degree,standard,none,62,70,75
66602a58f7b51745f5c6a962,female,group D,some college,standard,none,69,74,74
66602a58f7b51745f5c6a963,female,group B,some college,standard,none,63,65,61
66602a58f7b51745f5c6a964,female,group E,master's degree,free/reduced,none,56,72,65
66602a58f7b51745f5c6a965,male,group D,some college,standard,none,40,42,38
66602a58f7b51745f5c6a966,male,group E,some college,standard,none,97,87,82
66602a58f7b51745f5c6a967,male,group E,associate's degree,standard,completed,81,81,79
66602a58f7b51745f5c6a968,female,group D,associate's degree,standard,none,74,81,83
66602a58f7b51745f5c6a969,female,group D,some high school,free/reduced,none,50,64,59
66602a58f7b51745f5c6a96a,female,group D,associate's degree,free/reduced,completed,75,90,88
66602a58f7b51745f5c6a96b,male,group B,associate's degree,free/reduced,none,57,56,57
66602a58f7b51745f5c6a96c,male,group C,associate's degree,free/reduced,none,55,61,54
66602a58f7b51745f5c6a96d,female,group C,associate's degree,standard,none,58,73,68
66602a58f7b51745f5c6a96e,female,group B,associate's degree,standard,none,53,58,65
66602a58f7b51745f5c6a96f,male,group B,some college,free/reduced,completed,59,65,66
66602a58f7b51745f5c6a970,female,group E,associate's degree,free/reduced,none,50,56,54
66602a58f7b51745f5c6a971,male,group B,associate's degree,standard,none,65,54,57
66602a58f7b51745f5c6a972,female,group A,associate's degree,standard,completed,55,65,62
66602a58f7b51745f5c6a973,female,group C,high school,standard,none,66,71,76
66602a58f7b51745f5c6a974,female,group D,associate's degree,free/reduced,completed,57,74,76
66602a58f7b51745f5c6a975,male,group C,high school,standard,completed,82,84,82
66602a58f7b51745f5c6a976,male,group E,some college,standard,none,53,55,48
66602a58f7b51745f5c6a977,male,group E,associate's degree,free/reduced,completed,77,69,68
66602a58f7b51745f5c6a978,male,group C,some college,standard,none,53,44,42
66602a58f7b51745f5c6a979,male,group D,high school,standard,none,88,78,75
66602a58f7b51745f5c6a97a,female,group C,some high school,free/reduced,completed,71,84,87
66602a58f7b51745f5c6a97b,female,group C,high school,free/reduced,none,33,41,43
66602a58f7b51745f5c6a97c,female,group E,associate's degree,standard,completed,82,85,86
66602a58f7b51745f5c6a97d,male,group D,associate's degree,standard,none,52,55,49
66602a58f7b51745f5c6a97e,male,group D,some college,standard,completed,58,59,58
66602a58f7b51745f5c6a97f,female,group C,some high school,free/reduced,none,0,17,10
66602a58f7b51745f5c6a980,male,group E,bachelor's degree,free/reduced,completed,79,74,72
66602a58f7b51745f5c6a981,male,group A,some high school,free/reduced,none,39,39,34
66602a58f7b51745f5c6a982,male,group A,associate's degree,free/reduced,none,62,61,55
66602a58f7b51745f5c6a983,female,group C,associate's degree,standard,none,69,80,71
66602a58f7b51745f5c6a984,female,group D,some high school,standard,none,59,58,59
66602a58f7b51745f5c6a985,male,group B,some high school,standard,none,67,64,61
66602a58f7b51745f5c6a986,male,group D,some high school,free/reduced,none,45,37,37
66602a58f7b51745f5c6a987,female,group C,some college,standard,none,60,72,74
66602a58f7b51745f5c6a988,male,group B,associate's degree,free/reduced,none,61,58,56
66602a58f7b51745f5c6a989,female,group C,associate's degree,standard,none,39,64,57
66602a58f7b51745f5c6a98a,female,group D,some college,free/reduced,completed,58,63,73
66602a58f7b51745f5c6a98b,male,group D,some college,standard,completed,63,55,63
66602a58f7b51745f5c6a98c,female,group A,associate's degree,free/reduced,none,41,51,48
66602a58f7b51745f5c6a98d,male,group C,some high school,free/reduced,none,61,57,56
66602a58f7b51745f5c6a98e,male,group C,some high school,standard,none,49,49,41
66602a58f7b51745f5c6a98f,male,group B,associate's degree,free/reduced,none,44,41,38
66602a58f7b51745f5c6a990,male,group E,some high school,standard,none,30,26,22
66602a58f7b51745f5c6a991,male,group A,bachelor's degree,standard,completed,80,78,81
66602a58f7b51745f5c6a992,female,group D,some high school,standard,completed,61,74,72
66602a58f7b51745f5c6a993,female,group E,master's degree,standard,none,62,68,68
66602a58f7b51745f5c6a994,female,group B,associate's degree,standard,none,47,49,50
66602a58f7b51745f5c6a995,male,group B,high school,free/reduced,none,49,45,45
66602a58f7b51745f5c6a996,male,group A,some college,free/reduced,completed,50,47,54
66602a58f7b51745f5c6a997,male,group E,associate's degree,standard,none,72,64,63
66602a58f7b51745f5c6a998,male,group D,high school,free/reduced,none,42,39,34
66602a58f7b51745f5c6a999,female,group C,some college,standard,none,73,80,82
66602a58f7b51745f5c6a99a,female,group C,some college,free/reduced,none,76,83,88
66602a58f7b51745f5c6a99b,female,group D,associate's degree,standard,none,71,71,74
66602a58f7b51745f5c6a99c,female,group A,some college,standard,none,58,70,67
66602a58f7b51745f5c6a99d,female,group D,some high school,standard,none,73,86,82
66602a58f7b51745f5c6a99e,female,group C,bachelor's degree,standard,none,65,72,74
66602a58f7b51745f5c6a99f,male,group C,high school,free/reduced,none,27,34,36
66602a58f7b51745f5c6a9a0,male,group C,high school,standard,none,71,79,71
66602a58f7b51745f5c6a9a1,male,group C,associate's degree,free/reduced,completed,43,45,50
66602a58f7b51745f5c6a9a2,female,group B,some college,standard,none,79,86,92
66602a58f7b51745f5c6a9a3,male,group C,associate's degree,free/reduced,completed,78,81,82
66602a58f7b51745f5c6a9a4,male,group B,some high school,standard,completed,65,66,62
66602a58f7b51745f5c6a9a5,female,group E,some college,standard,completed,63,72,70
66602a58f7b51745f5c6a9a6,female,group D,some college,free/reduced,none,58,67,62
66602a58f7b51745f5c6a9a7,female,group D,bachelor's degree,standard,none,65,67,62
66602a58f7b51745f5c6a9a8,male,group B,some college,standard,none,79,67,67
66602a58f7b51745f5c6a9a9,male,group D,bachelor's degree,standard,completed,68,74,74
66602a58f7b51745f5c6a9aa,female,group D,associate's degree,standard,none,85,91,89
66602a58f7b51745f5c6a9ab,male,group B,high school,standard,completed,60,44,47
66602a58f7b51745f5c6a9ac,male,group C,some college,standard,completed,98,86,90
66602a58f7b51745f5c6a9ad,female,group C,some college,standard,none,58,67,72
66602a58f7b51745f5c6a9ae,female,group D,master's degree,standard,none,87,100,100
66602a58f7b51745f5c6a9af,male,group E,associate's degree,standard,completed,66,63,64
66602a58f7b51745f5c6a9b0,female,group B,associate's degree,free/reduced,none,52,76,70
66602a58f7b51745f5c6a9b1,female,group B,some high school,standard,none,70,64,72
66602a58f7b51745f5c6a9b2,female,group D,associate's degree,free/reduced,completed,77,89,98
66602a58f7b51745f5c6a9b3,male,group C,high school,standard,none,62,55,49
66602a58f7b51745f5c6a9b4,male,group A,associate's degree,standard,none,54,53,47
66602a58f7b51745f5c6a9b5,female,group D,some college,standard,none,51,58,54
66602a58f7b51745f5c6a9b6,female,group E,bachelor's degree,standard,completed,99,100,100
66602a58f7b51745f5c6a9b7,male,group C,high school,standard,none,84,77,74
66602a58f7b51745f5c6a9b8,female,group B,bachelor's degree,free/reduced,none,75,85,82
66602a58f7b51745f5c6a9b9,female,group D,bachelor's degree,standard,none,78,82,79
66602a58f7b51745f5c6a9ba,female,group D,some high school,standard,none,51,63,61
66602a58f7b51745f5c6a9bb,female,group C,some college,standard,none,55,69,65
66602a58f7b51745f5c6a9bc,female,group C,bachelor's degree,standard,completed,79,92,89
66602a58f7b51745f5c6a9bd,male,group B,associate's degree,standard,completed,91,89,92
66602a58f7b51745f5c6a9be,female,group C,some college,standard,completed,88,93,93
66602a58f7b51745f5c6a9bf,male,group D,high school,free/reduced,none,63,57,56
66602a58f7b51745f5c6a9c0,male,group E,some college,standard,none,83,80,73
66602a58f7b51745f5c6a9c1,female,group B,high school,standard,none,87,95,86
66602a58f7b51745f5c6a9c2,male,group B,some high school,standard,none,72,68,67
66602a58f7b51745f5c6a9c3,male,group D,some college,standard,completed,65,77,74
66602a58f7b51745f5c6a9c4,male,group D,master's degree,standard,none,82,82,74
66602a58f7b51745f5c6a9c5,female,group A,bachelor's degree,standard,none,51,49,51
66602a58f7b51745f5c6a9c6,male,group D,master's degree,standard,none,89,84,82
66602a58f7b51745f5c6a9c7,male,group C,some high school,free/reduced,completed,53,37,40
66602a58f7b51745f5c6a9c8,male,group E,some college,free/reduced,completed,87,74,70
66602a58f7b51745f5c6a9c9,female,group C,some college,standard,completed,75,81,84
66602a58f7b51745f5c6a9ca,male,group D,bachelor's degree,free/reduced,completed,74,79,75
66602a58f7b51745f5c6a9cb,male,group C,bachelor's degree,standard,none,58,55,48
66602a58f7b51745f5c6a9cc,male,group B,some high school,standard,completed,51,54,41
66602a58f7b51745f5c6a9cd,male,group E,high school,standard,none,70,55,56
66602a58f7b51745f5c6a9ce,female,group C,associate's degree,standard,none,59,66,67
66602a58f7b51745f5c6a9cf,male,group D,some college,standard,completed,71,61,69
66602a58f7b51745f5c6a9d0,female,group D,some high school,standard,none,76,72,71
66602a58f7b51745f5c6a9d1,female,group C,some college,free/reduced,none,59,62,64
66602a58f7b51745f5c6a9d2,female,group E,some college,free/reduced,completed,42,55,54
66602a58f7b51745f5c6a9d3,male,group A,high school,standard,none,57,43,47
66602a58f7b51745f5c6a9d4,male,group D,some college,standard,none,88,73,78
66602a58f7b51745f5c6a9d5,female,group C,some college,free/reduced,none,22,39,33
66602a58f7b51745f5c6a9d6,male,group B,some high school,standard,none,88,84,75
66602a58f7b51745f5c6a9d7,male,group C,associate's degree,free/reduced,none,73,68,66
66602a58f7b51745f5c6a9d8,female,group D,bachelor's degree,standard,completed,68,75,81
66602a58f7b51745f5c6a9d9,male,group E,associate's degree,free/reduced,completed,100,100,93
66602a58f7b51745f5c6a9da,male,group A,some high school,standard,completed,62,67,69
66602a58f7b51745f5c6a9db,male,group A,bachelor's degree,standard,none,77,67,68
66602a58f7b51745f5c6a9dc,female,group B,associate's degree,standard,completed,59,70,66
66602a58f7b51745f5c6a9dd,male,group D,bachelor's degree,standard,none,54,49,47
66602a58f7b51745f5c6a9de,male,group D,some high school,standard,none,62,67,61
66602a58f7b51745f5c6a9df,female,group C,some college,standard,completed,70,89,88
66602a58f7b51745f5c6a9e0,female,group E,high school,free/reduced,completed,66,74,78
66602a58f7b51745f5c6a9e1,male,group B,some college,free/reduced,none,60,60,60
66602a58f7b51745f5c6a9e2,female,group B,associate's degree,standard,completed,61,86,87
66602a58f7b51745f5c6a9e3,male,group D,associate's degree,free/reduced,none,66,62,64
66602a58f7b51745f5c6a9e4,male,group B,associate's degree,free/reduced,completed,82,78,74
66602a58f7b51745f5c6a9e5,female,group E,some college,free/reduced,completed,75,88,85
66602a58f7b51745f5c6a9e6,male,group B,master's degree,free/reduced,none,49,53,52
66602a58f7b51745f5c6a9e7,male,group C,high school,standard,none,52,53,49
66602a58f7b51745f5c6a9e8,female,group E,master's degree,standard,none,81,92,91
66602a58f7b51745f5c6a9e9,female,group C,bachelor's degree,standard,completed,96,100,100
66602a58f7b51745f5c6a9ea,male,group C,high school,free/reduced,completed,53,51,51
66602a58f7b51745f5c6a9eb,female,group B,master's degree,free/reduced,completed,58,76,78
66602a58f7b51745f5c6a9ec,female,group B,high school,standard,completed,68,83,78
66602a58f7b51745f5c6a9ed,female,group C,some college,free/reduced,completed,67,75,70
66602a58f7b51745f5c6a9ee,male,group A,high school,standard,completed,72,73,74
66602a58f7b51745f5c6a9ef,male,group E,some high school,standard,none,94,88,78
66602a58f7b51745f5c6a9f0,female,group D,some college,standard,none,79,86,81
66602a58f7b51745f5c6a9f1,female,group C,associate's degree,standard,none,63,67,70
66602a58f7b51745f5c6a9f2,female,group C,bachelor's degree,free/reduced,completed,43,51,54
66602a58f7b51745f5c6a9f3,female,group C,master's degree,standard,completed,81,91,87
66602a58f7b51745f5c6a9f4,female,group B,high school,free/reduced,completed,46,54,58
66602a58f7b51745f5c6a9f5,female,group C,associate's degree,standard,completed,71,77,77
66602a58f7b51745f5c6a9f6,female,group B,master's degree,free/reduced,completed,52,70,62
66602a58f7b51745f5c6a9f7,female,group D,some high school,standard,completed,97,100,100
66602a58f7b51745f5c6a9f8,male,group C,master's degree,free/reduced,completed,62,68,75
66602a58f7b51745f5c6a9f9,female,group C,some college,free/reduced,none,46,64,66
66602a58f7b51745f5c6a9fa,female,group E,high school,standard,none,50,50,47
66602a58f7b51745f5c6a9fb,female,group D,associate's degree,standard,none,65,69,70
66602a58f7b51745f5c6a9fc,male,group C,some high school,free/reduced,completed,45,52,49
66602a58f7b51745f5c6a9fd,male,group C,associate's degree,free/reduced,completed,65,67,65
66602a58f7b51745f5c6a9fe,male,group E,high school,standard,none,80,76,65
66602a58f7b51745f5c6a9ff,male,group D,some high school,standard,completed,62,66,68
66602a58f7b51745f5c6aa00,male,group B,some high school,free/reduced,none,48,52,45
66602a58f7b51745f5c6aa01,female,group C,bachelor's degree,standard,none,77,88,87
66602a58f7b51745f5c6aa02,female,group E,associate's degree,standard,none,66,65,69
66602a58f7b51745f5c6aa03,male,group D,some college,standard,completed,76,83,79
66602a58f7b51745f5c6aa04,female,group B,some high school,standard,none,62,64,66
66602a58f7b51745f5c6aa05,male,group D,some college,standard,completed,77,62,62
66602a58f7b51745f5c6aa06,female,group C,master's degree,standard,completed,69,84,85
66602a58f7b51745f5c6aa07,male,group D,associate's degree,standard,none,61,55,52
66602a58f7b51745f5c6aa08,male,group C,some high school,free/reduced,completed,59,69,65
66602a58f7b51745f5c6aa09,male,group E,high school,free/reduced,none,55,56,51
66602a58f7b51745f5c6aa0a,female,group B,some college,free/reduced,none,45,53,55
66602a58f7b51745f5c6aa0b,female,group B,bachelor's degree,free/reduced,none,78,79,76
66602a58f7b51745f5c6aa0c,female,group C,associate's degree,standard,completed,67,84,86
66602a58f7b51745f5c6aa0d,female,group D,some college,free/reduced,none,65,81,77
66602a58f7b51745f5c6aa0e,male,group C,associate's degree,standard,none,69,77,69
66602a58f7b51745f5c6aa0f,female,group B,associate's degree,standard,none,57,69,68
66602a58f7b51745f5c6aa10,male,group C,some college,standard,none,59,41,42
66602a58f7b51745f5c6aa11,male,group D,some high school,standard,completed,74,71,78
66602a58f7b51745f5c6aa12,male,group E,bachelor's degree,standard,none,82,62,62
66602a58f7b51745f5c6aa13,male,group E,high school,standard,completed,81,80,76
66602a58f7b51745f5c6aa14,female,group B,some college,free/reduced,none,74,81,76
66602a58f7b51745f5c6aa15,female,group B,some college,free/reduced,none,58,61,66
66602a58f7b51745f5c6aa16,male,group D,some high school,free/reduced,completed,80,79,79
66602a58f7b51745f5c6aa17,male,group C,some college,free/reduced,none,35,28,27
66602a58f7b51745f5c6aa18,female,group C,high school,free/reduced,none,42,62,60
66602a58f7b51745f5c6aa19,male,group C,associate's degree,free/reduced,completed,60,51,56
66602a58f7b51745f5c6aa1a,male,group E,high school,standard,completed,87,91,81
66602a58f7b51745f5c6aa1b,male,group B,some high school,standard,completed,84,83,75
66602a58f7b51745f5c6aa1c,female,group E,associate's degree,free/reduced,completed,83,86,88
66602a58f7b51745f5c6aa1d,female,group C,high school,free/reduced,none,34,42,39
66602a58f7b51745f5c6aa1e,male,group B,high school,free/reduced,none,66,77,70
66602a58f7b51745f5c6aa1f,male,group B,some high school,standard,completed,61,56,56
66602a58f7b51745f5c6aa20,female,group D,high school,standard,completed,56,68,74
66602a58f7b51745f5c6aa21,male,group B,associate's degree,standard,none,87,85,73
66602a58f7b51745f5c6aa22,female,group C,some high school,free/reduced,none,55,65,62
66602a58f7b51745f5c6aa23,male,group D,some high school,standard,none,86,80,75
66602a58f7b51745f5c6aa24,female,group B,associate's degree,standard,completed,52,66,73
66602a58f7b51745f5c6aa25,female,group E,master's degree,free/reduced,none,45,56,54
66602a58f7b51745f5c6aa26,female,group C,some college,standard,none,72,72,71
66602a58f7b51745f5c6aa27,male,group D,high school,standard,none,57,50,54
66602a58f7b51745f5c6aa28,male,group A,some high school,free/reduced,none,68,72,64
66602a58f7b51745f5c6aa29,female,group C,some college,standard,completed,88,95,94
66602a58f7b51745f5c6aa2a,male,group D,some college,standard,none,76,64,66
66602a58f7b51745f5c6aa2b,male,group C,associate's degree,standard,none,46,43,42
66602a58f7b51745f5c6aa2c,female,group B,bachelor's degree,standard,none,67,86,83
66602a58f7b51745f5c6aa2d,male,group E,some high school,standard,none,92,87,78
66602a58f7b51745f5c6aa2e,male,group C,bachelor's degree,standard,completed,83,82,84
66602a58f7b51745f5c6aa2f,male,group D,associate's degree,standard,none,80,75,77
66602a58f7b51745f5c6aa30,male,group D,bachelor's degree,free/reduced,none,63,66,67
66602a58f7b51745f5c6aa31,female,group D,some high school,standard,completed,64,60,74
66602a58f7b51745f5c6aa32,male,group B,some college,standard,none,54,52,51
66602a58f7b51745f5c6aa33,male,group C,associate's degree,standard,none,84,80,80
66602a58f7b51745f5c6aa34,male,group D,high school,free/reduced,completed,73,68,66
66602a58f7b51745f5c6aa35,female,group E,bachelor's degree,standard,none,80,83,83
66602a58f7b51745f5c6aa36,female,group D,high school,standard,none,56,52,55
66602a58f7b51745f5c6aa37,male,group E,some college,standard,none,59,51,43
66602a58f7b51745f5c6aa38,male,group D,some high school,standard,none,75,74,69
66602a58f7b51745f5c6aa39,male,group C,associate's degree,standard,none,85,76,71
66602a58f7b51745f5c6aa3a,male,group E,associate's degree,standard,none,89,76,74
66602a58f7b51745f5c6aa3b,female,group B,high school,standard,completed,58,70,68
66602a58f7b51745f5c6aa3c,female,group B,high school,standard,none,65,64,62
66602a58f7b51745f5c6aa3d,male,group C,high school,standard,none,68,60,53
66602a58f7b51745f5c6aa3e,male,group A,some high school,standard,completed,47,49,49
66602a58f7b51745f5c6aa3f,female,group D,some college,free/reduced,none,71,83,83
66602a58f7b51745f5c6aa40,female,group B,some high school,standard,completed,60,70,70
66602a58f7b51745f5c6aa41,male,group D,master's degree,standard,none,80,80,72
66602a58f7b51745f5c6aa42,male,group D,high school,standard,none,54,52,52
66602a58f7b51745f5c6aa43,female,group E,some college,standard,none,62,73,70
66602a58f7b51745f5c6aa44,female,group C,associate's degree,free/reduced,none,64,73,68
66602a58f7b51745f5c6aa45,male,group C,associate's degree,standard,completed,78,77,77
66602a58f7b51745f5c6aa46,female,group B,some college,standard,none,70,75,78
66602a58f7b51745f5c6aa47,female,group C,master's degree,free/reduced,completed,65,81,81
66602a58f7b51745f5c6aa48,female,group C,some high school,free/reduced,completed,64,79,77
66602a58f7b51745f5c6aa49,male,group C,some college,standard,completed,79,79,78
66602a58f7b51745f5c6aa4a,female,group C,some high school,free/reduced,none,44,50,51
66602a58f7b51745f5c6aa4b,female,group E,high school,standard,none,99,93,90
66602a58f7b51745f5c6aa4c,male,group D,high school,standard,none,76,73,68
66602a58f7b51745f5c6aa4d,male,group D,some high school,free/reduced,none,59,42,41
66602a58f7b51745f5c6aa4e,female,group C,bachelor's degree,standard,none,63,75,81
66602a58f7b51745f5c6aa4f,female,group D,high school,standard,none,69,72,77
66602a58f7b51745f5c6aa50,female,group D,associate's degree,standard,completed,88,92,95
66602a58f7b51745f5c6aa51,female,group E,some college,free/reduced,none,71,76,70
66602a58f7b51745f5c6aa52,male,group C,bachelor's degree,standard,none,69,63,61
66602a58f7b51745f5c6aa53,male,group C,some college,standard,none,58,49,42
66602a58f7b51745f5c6aa54,female,group D,associate's degree,free/reduced,none,47,53,58
66602a58f7b51745f5c6aa55,female,group D,some college,standard,none,65,70,71
66602a58f7b51745f5c6aa56,male,group B,some college,standard,completed,88,85,76
66602a58f7b51745f5c6aa57,male,group C,bachelor's degree,standard,none,83,78,73
66602a58f7b51745f5c6aa58,female,group C,some high school,standard,completed,85,92,93
66602a58f7b51745f5c6aa59,female,group E,high school,standard,completed,59,63,75
66602a58f7b51745f5c6aa5a,female,group C,some high school,free/reduced,none,65,86,80
66602a58f7b51745f5c6aa5b,male,group B,bachelor's degree,free/reduced,none,73,56,57
66602a58f7b51745f5c6aa5c,male,group D,high school,standard,none,53,52,42
66602a58f7b51745f5c6aa5d,male,group D,high school,standard,none,45,48,46
66602a58f7b51745f5c6aa5e,female,group D,bachelor's degree,free/reduced,none,73,79,84
66602a58f7b51745f5c6aa5f,female,group D,some college,free/reduced,completed,70,78,78
66602a58f7b51745f5c6aa60,female,group B,some high school,standard,none,37,46,46
66602a58f7b51745f5c6aa61,male,group B,associate's degree,standard,completed,81,82,82
66602a58f7b51745f5c6aa62,male,group E,associate's degree,standard,completed,97,82,88
66602a58f7b51745f5c6aa63,female,group B,some high school,standard,none,67,89,82
66602a58f7b51745f5c6aa64,male,group B,bachelor's degree,free/reduced,none,88,75,76
66602a58f7b51745f5c6aa65,male,group E,some high school,standard,completed,77,76,77
66602a58f7b51745f5c6aa66,male,group C,associate's degree,standard,none,76,70,68
66602a58f7b51745f5c6aa67,male,group D,some high school,standard,none,86,73,70
66602a58f7b51745f5c6aa68,male,group C,some high school,standard,completed,63,60,57
66602a58f7b51745f5c6aa69,female,group E,bachelor's degree,standard,none,65,73,75
66602a58f7b51745f5c6aa6a,male,group D,high school,free/reduced,completed,78,77,80
66602a58f7b51745f5c6aa6b,male,group B,associate's degree,free/reduced,none,67,62,60
66602a58f7b51745f5c6aa6c,male,group A,some high school,standard,completed,46,41,43
66602a58f7b51745f5c6aa6d,male,group E,associate's degree,standard,completed,71,74,68
66602a58f7b51745f5c6aa6e,male,group C,high school,free/reduced,completed,40,46,50
66602a58f7b51745f5c6aa6f,male,group D,associate's degree,free/reduced,none,90,87,75
66602a58f7b51745f5c6aa70,male,group A,some college,free/reduced,completed,81,78,81
66602a58f7b51745f5c6aa71,male,group D,some high school,free/reduced,none,56,54,52
66602a58f7b51745f5c6aa72,female,group C,associate's degree,standard,completed,67,84,81
66602a58f7b51745f5c6aa73,male,group B,associate's degree,standard,none,80,76,64
66602a58f7b51745f5c6aa74,female,group C,associate's degree,standard,completed,74,75,83
66602a58f7b51745f5c6aa75,male,group A,some college,standard,none,69,67,69
66602a58f7b51745f5c6aa76,male,group E,some college,standard,completed,99,87,81
66602a58f7b51745f5c6aa77,male,group C,some high school,standard,none,51,52,44
66602a58f7b51745f5c6aa78,female,group B,associate's degree,free/reduced,none,53,71,67
66602a58f7b51745f5c6aa79,female,group D,high school,free/reduced,none,49,57,52
66602a58f7b51745f5c6aa7a,female,group B,associate's degree,standard,none,73,76,80
66602a58f7b51745f5c6aa7b,male,group B,bachelor's degree,standard,none,66,60,57
66602a58f7b51745f5c6aa7c,male,group D,bachelor's degree,standard,completed,67,61,68
66602a58f7b51745f5c6aa7d,female,group C,associate's degree,free/reduced,completed,68,67,69
66602a58f7b51745f5c6aa7e,female,group C,bachelor's degree,standard,completed,59,64,75
66602a58f7b51745f5c6aa7f,male,group C,high school,standard,none,71,66,65
66602a58f7b51745f5c6aa80,female,group D,master's degree,standard,completed,77,82,91
66602a58f7b51745f5c6aa81,male,group C,associate's degree,standard,none,83,72,78
66602a58f7b51745f5c6aa82,male,group B,bachelor's degree,standard,none,63,71,69
66602a58f7b51745f5c6aa83,female,group D,associate's degree,free/reduced,none,56,65,63
66602a58f7b51745f5c6aa84,female,group C,high school,free/reduced,completed,67,79,84
66602a58f7b51745f5c6aa85,female,group E,high school,standard,none,75,86,79
66602a58f7b51745f5c6aa86,female,group C,some college,standard,none,71,81,80
66602a58f7b51745f5c6aa87,female,group C,some high school,free/reduced,none,43,53,53
66602a58f7b51745f5c6aa88,female,group C,high school,free/reduced,none,41,46,43
66602a58f7b51745f5c6aa89,female,group C,some college,standard,none,82,90,94
66602a58f7b51745f5c6aa8a,male,group C,some college,standard,none,61,61,62
66602a58f7b51745f5c6aa8b,male,group A,some college,free/reduced,none,28,23,19
66602a58f7b51745f5c6aa8c,male,group C,associate's degree,standard,completed,82,75,77
66602a58f7b51745f5c6aa8d,female,group B,some high school,standard,none,41,55,51
66602a58f7b51745f5c6aa8e,male,group C,high school,standard,none,71,60,61
66602a58f7b51745f5c6aa8f,male,group C,associate's degree,standard,none,47,37,35
66602a58f7b51745f5c6aa90,male,group E,associate's degree,standard,completed,62,56,53
66602a58f7b51745f5c6aa91,male,group B,associate's degree,standard,none,90,78,81
66602a58f7b51745f5c6aa92,female,group C,bachelor's degree,standard,none,83,93,95
66602a58f7b51745f5c6aa93,female,group B,some college,free/reduced,none,61,68,66
66602a58f7b51745f5c6aa94,male,group D,some high school,standard,completed,76,70,69
66602a58f7b51745f5c6aa95,male,group C,associate's degree,standard,none,49,51,43
66602a58f7b51745f5c6aa96,female,group B,some high school,free/reduced,none,24,38,27
66602a58f7b51745f5c6aa97,female,group D,some high school,free/reduced,completed,35,55,60
66602a58f7b51745f5c6aa98,male,group C,high school,free/reduced,none,58,61,52
66602a58f7b51745f5c6aa99,female,group C,high school,standard,none,61,73,63
66602a58f7b51745f5c6aa9a,female,group B,high school,standard,completed,69,76,74
66602a58f7b51745f5c6aa9b,male,group D,associate's degree,standard,completed,67,72,67
66602a58f7b51745f5c6aa9c,male,group D,some college,standard,none,79,73,67
66602a58f7b51745f5c6aa9d,female,group C,high school,standard,none,72,80,75
66602a58f7b51745f5c6aa9e,male,group B,some college,standard,none,62,61,57
66602a58f7b51745f5c6aa9f,female,group C,bachelor's degree,standard,completed,77,94,95
66602a58f7b51745f5c6aaa0,male,group D,high school,free/reduced,none,75,74,66
66602a58f7b51745f5c6aaa1,male,group E,associate's degree,standard,none,87,74,76
66602a58f7b51745f5c6aaa2,female,group B,bachelor's degree,standard,none,52,65,69
66602a58f7b51745f5c6aaa3,male,group E,some college,standard,none,66,57,52
66602a58f7b51745f5c6aaa4,female,group C,some college,standard,completed,63,78,80
66602a58f7b51745f5c6aaa5,female,group C,associate's degree,standard,none,46,58,57
66602a58f7b51745f5c6aaa6,female,group C,some college,standard,none,59,71,70
66602a58f7b51745f5c6aaa7,female,group B,bachelor's degree,standard,none,61,72,70
66602a58f7b51745f5c6aaa8,male,group A,associate's degree,standard,none,63,61,61
66602a58f7b51745f5c6aaa9,female,group C,some college,free/reduced,completed,42,66,69
66602a58f7b51745f5c6aaaa,male,group D,some college,free/reduced,none,59,62,61
66602a58f7b51745f5c6aaab,female,group D,some college,standard,none,80,90,89
66602a58f7b51745f5c6aaac,female,group B,high school,standard,none,58,62,59
66602a58f7b51745f5c6aaad,male,group B,some high school,standard,completed,85,84,78
66602a58f7b51745f5c6aaae,female,group C,some college,standard,none,52,58,58
66602a58f7b51745f5c6aaaf,female,group D,some high school,free/reduced,none,27,34,32
66602a58f7b51745f5c6aab0,male,group C,some college,standard,none,59,60,58
66602a58f7b51745f5c6aab1,male,group A,bachelor's degree,free/reduced,completed,49,58,60
66602a58f7b51745f5c6aab2,male,group C,high school,standard,completed,69,58,53
66602a58f7b51745f5c6aab3,male,group C,bachelor's degree,free/reduced,none,61,66,61
66602a58f7b51745f5c6aab4,female,group A,some high school,free/reduced,none,44,64,58
66602a58f7b51745f5c6aab5,female,group D,some high school,standard,none,73,84,85
66602a58f7b51745f5c6aab6,male,group E,some college,standard,none,84,77,71
66602a58f7b51745f5c6aab7,female,group C,some college,free/reduced,completed,45,73,70
66602a58f7b51745f5c6aab8,male,group D,some high school,standard,none,74,74,72
66602a58f7b51745f5c6aab9,female,group D,some college,standard,completed,82,97,96
66602a58f7b51745f5c6aaba,female,group D,bachelor's degree,standard,none,59,70,73
66602a58f7b51745f5c6aabb,male,group E,associate's degree,free/reduced,none,46,43,41
66602a58f7b51745f5c6aabc,female,group D,some high school,standard,none,80,90,82
66602a58f7b51745f5c6aabd,female,group D,master's degree,free/reduced,completed,85,95,100
66602a58f7b51745f5c6aabe,female,group A,some high school,standard,none,71,83,77
66602a58f7b51745f5c6aabf,male,group A,bachelor's degree,standard,none,66,64,62
66602a58f7b51745f5c6aac0,female,group B,associate's degree,standard,none,80,86,83
66602a58f7b51745f5c6aac1,male,group C,associate's degree,standard,completed,87,100,95
66602a58f7b51745f5c6aac2,male,group C,master's degree,free/reduced,none,79,81,71
66602a58f7b51745f5c6aac3,female,group E,some high school,free/reduced,none,38,49,45
66602a58f7b51745f5c6aac4,female,group A,some high school,free/reduced,none,38,43,43
66602a58f7b51745f5c6aac5,female,group E,some college,standard,none,67,76,75
66602a58f7b51745f5c6aac6,female,group E,bachelor's degree,standard,none,64,73,70
66602a58f7b51745f5c6aac7,female,group C,associate's degree,free/reduced,none,57,78,67
66602a58f7b51745f5c6aac8,female,group D,high school,standard,none,62,64,64
66602a58f7b51745f5c6aac9,male,group D,master's degree,standard,none,73,70,75
66602a58f7b51745f5c6aaca,male,group E,some high school,free/reduced,completed,73,67,59
66602a58f7b51745f5c6aacb,female,group D,some college,standard,none,77,68,77
66602a58f7b51745f5c6aacc,male,group E,some college,standard,none,76,67,67
66602a58f7b51745f5c6aacd,male,group C,associate's degree,standard,completed,57,54,56
66602a58f7b51745f5c6aace,female,group C,some high school,standard,completed,65,74,77
66602a58f7b51745f5c6aacf,male,group A,high school,free/reduced,none,48,45,41
66602a58f7b51745f5c6aad0,female,group B,high school,free/reduced,none,50,67,63
66602a58f7b51745f5c6aad1,female,group C,associate's degree,standard,none,85,89,95
66602a58f7b51745f5c6aad2,male,group B,some high school,standard,none,74,63,57
66602a58f7b51745f5c6aad3,male,group D,some high school,standard,none,60,59,54
66602a58f7b51745f5c6aad4,female,group C,some high school,standard,completed,59,54,67
66602a58f7b51745f5c6aad5,male,group A,some college,standard,none,53,43,43
66602a58f7b51745f5c6aad6,female,group A,some college,free/reduced,none,49,65,55
66602a58f7b51745f5c6aad7,female,group D,high school,standard,completed,88,99,100
66602a58f7b51745f5c6aad8,female,group C,high school,standard,none,54,59,62
66602a58f7b51745f5c6aad9,female,group C,some high school,standard,none,63,73,68
66602a58f7b51745f5c6aada,male,group B,associate's degree,standard,completed,65,65,63
66602a58f7b51745f5c6aadb,female,group B,associate's degree,standard,none,82,80,77
66602a58f7b51745f5c6aadc,female,group D,high school,free/reduced,completed,52,57,56
66602a58f7b51745f5c6aadd,male,group D,associate's degree,standard,completed,87,84,85
66602a58f7b51745f5c6aade,female,group D,master's degree,standard,completed,70,71,74
66602a58f7b51745f5c6aadf,male,group E,some college,standard,completed,84,83,78
66602a58f7b51745f5c6aae0,male,group D,associate's degree,standard,none,71,66,60
66602a58f7b51745f5c6aae1,male,group B,some high school,standard,completed,63,67,67
66602a58f7b51745f5c6aae2,female,group C,bachelor's degree,free/reduced,completed,51,72,79
66602a58f7b51745f5c6aae3,male,group E,high school,standard,none,84,73,69
66602a58f7b51745f5c6aae4,male,group C,bachelor's degree,standard,completed,71,74,68
66602a58f7b51745f5c6aae5,male,group C,associate's degree,standard,none,74,73,67
66602a58f7b51745f5c6aae6,male,group D,some college,standard,none,68,59,62
66602a58f7b51745f5c6aae7,male,group E,high school,free/reduced,completed,57,56,54
66602a58f7b51745f5c6aae8,female,group C,associate's degree,free/reduced,completed,82,93,93
66602a58f7b51745f5c6aae9,female,group D,high school,standard,completed,57,58,64
66602a58f7b51745f5c6aaea,female,group D,master's degree,free/reduced,completed,47,58,67
66602a58f7b51745f5c6aaeb,female,group A,some high school,standard,completed,59,85,80
66602a58f7b51745f5c6aaec,male,group B,some college,free/reduced,none,41,39,34
66602a58f7b51745f5c6aaed,female,group C,some college,free/reduced,none,62,67,62
66602a58f7b51745f5c6aaee,male,group C,bachelor's degree,standard,none,86,83,86
66602a58f7b51745f5c6aaef,male,group C,some high school,free/reduced,none,69,71,65
66602a58f7b51745f5c6aaf0,male,group A,some high school,free/reduced,none,65,59,53
66602a58f7b51745f5c6aaf1,male,group C,some high school,free/reduced,none,68,63,54
66602a58f7b51745f5c6aaf2,male,group C,associate's degree,free/reduced,none,64,66,59
66602a58f7b51745f5c6aaf3,female,group C,high school,standard,none,61,72,70
66602a58f7b51745f5c6aaf4,male,group C,high school,standard,none,61,56,55
66602a58f7b51745f5c6aaf5,female,group A,some high school,free/reduced,none,47,59,50
66602a58f7b51745f5c6aaf6,male,group C,some high school,standard,none,73,66,66
66602a58f7b51745f5c6aaf7,male,group C,some college,free/reduced,completed,50,48,53
66602a58f7b51745f5c6aaf8,male,group D,associate's degree,standard,none,75,68,64
66602a58f7b51745f5c6aaf9,male,group D,associate's degree,free/reduced,none,75,66,73
66602a58f7b51745f5c6aafa,male,group C,high school,standard,none,70,56,51
66602a58f7b51745f5c6aafb,male,group D,some high school,standard,completed,89,88,82
66602a58f7b51745f5c6aafc,female,group C,some college,standard,completed,67,81,79
66602a58f7b51745f5c6aafd,female,group D,high school,standard,none,78,81,80
66602a58f7b51745f5c6aafe,female,group A,some high school,free/reduced,none,59,73,69
66602a58f7b51745f5c6aaff,female,group B,associate's degree,standard,none,73,83,76
66602a58f7b51745f5c6ab00,male,group A,some high school,free/reduced,none,79,82,73
66602a58f7b51745f5c6ab01,female,group C,some high school,standard,completed,67,74,77
66602a58f7b51745f5c6ab02,male,group D,some college,free/reduced,none,69,66,60
66602a58f7b51745f5c6ab03,male,group C,high school,standard,completed,86,81,80
66602a58f7b51745f5c6ab04,male,group B,high school,standard,none,47,46,42
66602a58f7b51745f5c6ab05,male,group B,associate's degree,standard,none,81,73,72
66602a58f7b51745f5c6ab06,female,group C,some college,free/reduced,completed,64,85,85
66602a58f7b51745f5c6ab07,female,group E,some college,standard,none,100,92,97
66602a58f7b51745f5c6ab08,female,group C,associate's degree,free/reduced,none,65,77,74
66602a58f7b51745f5c6ab09,male,group C,some college,free/reduced,none,65,58,49
66602a58f7b51745f5c6ab0a,female,group C,associate's degree,free/reduced,none,53,61,62
66602a58f7b51745f5c6ab0b,male,group C,bachelor's degree,free/reduced,none,37,56,47
66602a58f7b51745f5c6ab0c,female,group D,bachelor's degree,standard,none,79,89,89
66602a58f7b51745f5c6ab0d,male,group D,associate's degree,free/reduced,none,53,54,48
66602a58f7b51745f5c6ab0e,female,group E,bachelor's degree,standard,none,100,100,100
66602a58f7b51745f5c6ab0f,male,group B,high school,standard,completed,72,65,68
66602a58f7b51745f5c6ab10,male,group C,bachelor's degree,free/reduced,none,53,58,55
66602a58f7b51745f5c6ab11,male,group B,some college,free/reduced,none,54,54,45
66602a58f7b51745f5c6ab12,female,group E,some college,standard,none,71,70,76
66602a58f7b51745f5c6ab13,female,group C,some college,free/reduced,none,77,90,91
66602a58f7b51745f5c6ab14,male,group A,bachelor's degree,standard,completed,75,58,62
66602a58f7b51745f5c6ab15,female,group C,some college,standard,none,84,87,91
66602a58f7b51745f5c6ab16,female,group D,associate's degree,free/reduced,none,26,31,38
66602a58f7b51745f5c6ab17,male,group A,high school,free/reduced,completed,72,67,65
66602a58f7b51745f5c6ab18,female,group A,high school,free/reduced,completed,77,88,85
66602a58f7b51745f5c6ab19,male,group C,some college,standard,none,91,74,76
66602a58f7b51745f5c6ab1a,female,group C,associate's degree,standard,completed,83,85,90
66602a58f7b51745f5c6ab1b,female,group C,high school,standard,none,63,69,74
66602a58f7b51745f5c6ab1c,female,group C,associate's degree,standard,completed,68,86,84
66602a58f7b51745f5c6ab1d,female,group D,some high school,standard,none,59,67,61
66602a58f7b51745f5c6ab1e,female,group B,associate's degree,standard,completed,90,90,91
66602a58f7b51745f5c6ab1f,female,group D,bachelor's degree,standard,completed,71,76,83
66602a58f7b51745f5c6ab20,male,group E,bachelor's degree,standard,completed,76,62,66
66602a58f7b51745f5c6ab21,male,group D,associate's degree,standard,none,80,68,72
66602a58f7b51745f5c6ab22,female,group D,master's degree,standard,none,55,64,70
66602a58f7b51745f5c6ab23,male,group E,associate's degree,standard,none,76,71,67
66602a58f7b51745f5c6ab24,male,group B,high school,standard,completed,73,71,68
66602a58f7b51745f5c6ab25,female,group D,associate's degree,free/reduced,none,52,59,56
66602a58f7b51745f5c6ab26,male,group C,some college,free/reduced,none,68,68,61
66602a58f7b51745f5c6ab27,male,group A,high school,standard,none,59,52,46
66602a58f7b51745f5c6ab28,female,group B,associate's degree,standard,none,49,52,54
66602a58f7b51745f5c6ab29,male,group C,high school,standard,none,70,74,71
66602a58f7b51745f5c6ab2a,male,group D,some college,free/reduced,none,61,47,56
66602a58f7b51745f5c6ab2b,female,group C,associate's degree,free/reduced,none,60,75,74
66602a58f7b51745f5c6ab2c,male,group B,some high school,standard,completed,64,53,57
66602a58f7b51745f5c6ab2d,male,group A,associate's degree,free/reduced,completed,79,82,82
66602a58f7b51745f5c6ab2e,female,group A,associate's degree,free/reduced,none,65,85,76
66602a58f7b51745f5c6ab2f,female,group C,associate's degree,standard,none,64,64,70
66602a58f7b51745f5c6ab30,female,group C,some college,standard,none,83,83,90
66602a58f7b51745f5c6ab31,female,group C,bachelor's degree,standard,none,81,88,90
66602a58f7b51745f5c6ab32,female,group B,high school,standard,none,54,64,68
66602a58f7b51745f5c6ab33,male,group D,high school,standard,completed,68,64,66
66602a58f7b51745f5c6ab34,female,group C,some college,standard,none,54,48,52
66602a58f7b51745f5c6ab35,female,group D,some college,free/reduced,completed,59,78,76
66602a58f7b51745f5c6ab36,female,group B,some high school,standard,none,66,69,68
66602a58f7b51745f5c6ab37,male,group E,some college,standard,none,76,71,72
66602a58f7b51745f5c6ab38,female,group D,master's degree,standard,none,74,79,82
66602a58f7b51745f5c6ab39,female,group B,associate's degree,standard,completed,94,87,92
66602a58f7b51745f5c6ab3a,male,group C,some college,free/reduced,none,63,61,54
66602a58f7b51745f5c6ab3b,female,group E,associate's degree,standard,completed,95,89,92
66602a58f7b51745f5c6ab3c,female,group D,master's degree,free/reduced,none,40,59,54
66602a58f7b51745f5c6ab3d,female,group B,some high school,standard,none,82,82,80
66602a58f7b51745f5c6ab3e,male,group A,high school,standard,none,68,70,66
66602a58f7b51745f5c6ab3f,male,group B,bachelor's degree,free/reduced,none,55,59,54
66602a58f7b51745f5c6ab40,male,group C,master's degree,standard,none,79,78,77
66602a58f7b51745f5c6ab41,female,group C,bachelor's degree,standard,none,86,92,87
66602a58f7b51745f5c6ab42,male,group D,some college,standard,none,76,71,73
66602a58f7b51745f5c6ab43,male,group A,some high school,standard,none,64,50,43
66602a58f7b51745f5c6ab44,male,group D,some high school,free/reduced,none,62,49,52
66602a58f7b51745f5c6ab45,female,group B,some high school,standard,completed,54,61,62
66602a58f7b51745f5c6ab46,female,group B,master's degree,free/reduced,completed,77,97,94
66602a58f7b51745f5c6ab47,female,group C,some high school,standard,completed,76,87,85
66602a58f7b51745f5c6ab48,female,group D,some college,standard,none,74,89,84
66602a58f7b51745f5c6ab49,female,group E,some college,standard,completed,66,74,73
66602a58f7b51745f5c6ab4a,female,group D,some high school,standard,completed,66,78,78
66602a58f7b51745f5c6ab4b,female,group B,high school,free/reduced,completed,67,78,79
66602a58f7b51745f5c6ab4c,male,group D,some college,standard,none,71,49,52
66602a58f7b51745f5c6ab4d,female,group C,associate's degree,standard,none,91,86,84
66602a58f7b51745f5c6ab4e,male,group D,bachelor's degree,standard,none,69,58,57
66602a58f7b51745f5c6ab4f,male,group C,master's degree,free/reduced,none,54,59,50
66602a58f7b51745f5c6ab50,male,group C,high school,standard,completed,53,52,49
66602a58f7b51745f5c6ab51,male,group E,some college,standard,none,68,60,59
66602a58f7b51745f5c6ab52,male,group C,some high school,free/reduced,completed,56,61,60
66602a58f7b51745f5c6ab53,female,group C,high school,free/reduced,none,36,53,43
66602a58f7b51745f5c6ab54,female,group D,bachelor's degree,free/reduced,none,29,41,47
66602a58f7b51745f5c6ab55,female,group C,associate's degree,standard,none,62,74,70
66602a58f7b51745f5c6ab56,female,group C,associate's degree,standard,completed,68,67,73
66602a58f7b51745f5c6ab57,female,group C,some high school,standard,none,47,54,53
66602a58f7b51745f5c6ab58,male,group E,associate's degree,standard,completed,62,61,58
66602a58f7b51745f5c6ab59,female,group E,associate's degree,standard,completed,79,88,94
66602a58f7b51745f5c6ab5a,male,group B,high school,standard,completed,73,69,68
66602a58f7b51745f5c6ab5b,female,group C,bachelor's degree,free/reduced,completed,66,83,83
66602a58f7b51745f5c6ab5c,male,group C,associate's degree,standard,completed,51,60,58
66602a58f7b51745f5c6ab5d,female,group D,high school,standard,none,51,66,62
66602a58f7b51745f5c6ab5e,male,group E,bachelor's degree,standard,completed,85,66,71
66602a58f7b51745f5c6ab5f,male,group A,associate's degree,standard,completed,97,92,86
66602a58f7b51745f5c6ab60,male,group C,high school,standard,completed,75,69,68
66602a58f7b51745f5c6ab61,male,group D,associate's degree,free/reduced,completed,79,82,80
66602a58f7b51745f5c6ab62,female,group C,associate's degree,standard,none,81,77,79
66602a58f7b51745f5c6ab63,female,group D,associate's degree,standard,none,82,95,89
66602a58f7b51745f5c6ab64,female,group D,master's degree,standard,none,64,63,66
66602a58f7b51745f5c6ab65,male,group E,some high school,free/reduced,completed,78,83,80
66602a58f7b51745f5c6ab66,female,group A,some high school,standard,completed,92,100,97
66602a58f7b51745f5c6ab67,male,group C,high school,standard,completed,72,67,64
66602a58f7b51745f5c6ab68,female,group C,high school,free/reduced,none,62,67,64
66602a58f7b51745f5c6ab69,male,group C,master's degree,standard,none,79,72,69
66602a58f7b51745f5c6ab6a,male,group C,some high school,free/reduced,none,79,76,65
66602a58f7b51745f5c6ab6b,male,group B,bachelor's degree,free/reduced,completed,87,90,88
66602a58f7b51745f5c6ab6c,female,group B,associate's degree,standard,none,40,48,50
66602a58f7b51745f5c6ab6d,male,group D,some college,free/reduced,none,77,62,64
66602a58f7b51745f5c6ab6e,male,group E,associate's degree,standard,none,53,45,40
66602a58f7b51745f5c6ab6f,female,group C,some college,free/reduced,none,32,39,33
66602a58f7b51745f5c6ab70,female,group C,associate's degree,standard,completed,55,72,79
66602a58f7b51745f5c6ab71,male,group C,master's degree,free/reduced,none,61,67,66
66602a58f7b51745f5c6ab72,female,group B,associate's degree,free/reduced,none,53,70,70
66602a58f7b51745f5c6ab73,male,group D,some high school,standard,none,73,66,62
66602a58f7b51745f5c6ab74,female,group D,some college,standard,completed,74,75,79
66602a58f7b51745f5c6ab75,female,group C,some college,standard,none,63,74,74
66602a58f7b51745f5c6ab76,male,group C,bachelor's degree,standard,completed,96,90,92
66602a58f7b51745f5c6ab77,female,group D,some college,free/reduced,completed,63,80,80
66602a58f7b51745f5c6ab78,male,group B,bachelor's degree,free/reduced,none,48,51,46
66602a58f7b51745f5c6ab79,male,group B,associate's degree,standard,none,48,43,45
66602a58f7b51745f5c6ab7a,female,group E,bachelor's degree,free/reduced,completed,92,100,100
66602a58f7b51745f5c6ab7b,female,group D,master's degree,free/reduced,completed,61,71,78
66602a58f7b51745f5c6ab7c,male,group B,high school,free/reduced,none,63,48,47
66602a58f7b51745f5c6ab7d,male,group D,bachelor's degree,free/reduced,none,68,68,67
66602a58f7b51745f5c6ab7e,male,group B,some college,standard,completed,71,75,70
66602a58f7b51745f5c6ab7f,male,group A,bachelor's degree,standard,none,91,96,92
66602a58f7b51745f5c6ab80,female,group C,some college,standard,none,53,62,56
66602a58f7b51745f5c6ab81,female,group C,high school,free/reduced,completed,50,66,64
66602a58f7b51745f5c6ab82,female,group E,high school,standard,none,74,81,71
66602a58f7b51745f5c6ab83,male,group A,associate's degree,free/reduced,completed,40,55,53
66602a58f7b51745f5c6ab84,male,group A,some college,standard,completed,61,51,52
66602a58f7b51745f5c6ab85,female,group B,high school,standard,none,81,91,89
66602a58f7b51745f5c6ab86,female,group B,some college,free/reduced,completed,48,56,58
66602a58f7b51745f5c6ab87,female,group D,master's degree,standard,none,53,61,68
66602a58f7b51745f5c6ab88,female,group D,some high school,standard,none,81,97,96
66602a58f7b51745f5c6ab89,female,group E,some high school,standard,none,77,79,80
66602a58f7b51745f5c6ab8a,female,group D,bachelor's degree,free/reduced,none,63,73,78
66602a58f7b51745f5c6ab8b,female,group D,associate's degree,standard,completed,73,75,80
66602a58f7b51745f5c6ab8c,female,group D,some college,standard,none,69,77,77
66602a58f7b51745f5c6ab8d,female,group C,associate's degree,standard,none,65,76,76
66602a58f7b51745f5c6ab8e,female,group A,high school,standard,none,55,73,73
66602a58f7b51745f5c6ab8f,female,group C,bachelor's degree,free/reduced,none,44,63,62
66602a58f7b51745f5c6ab90,female,group C,some college,standard,none,54,64,65
66602a58f7b51745f5c6ab91,female,group A,some high school,standard,none,48,66,65
66602a58f7b51745f5c6ab92,male,group C,some college,free/reduced,none,58,57,54
66602a58f7b51745f5c6ab93,male,group A,some high school,standard,none,71,62,50
66602a58f7b51745f5c6ab94,male,group E,bachelor's degree,standard,none,68,68,64
66602a58f7b51745f5c6ab95,female,group E,high school,standard,none,74,76,73
66602a58f7b51745f5c6ab96,female,group C,bachelor's degree,standard,completed,92,100,99
66602a58f7b51745f5c6ab97,female,group C,bachelor's degree,standard,completed,56,79,72
66602a58f7b51745f5c6ab98,male,group B,high school,free/reduced,none,30,24,15
66602a58f7b51745f5c6ab99,male,group A,some high school,standard,none,53,54,48
66602a58f7b51745f5c6ab9a,female,group D,high school,standard,none,69,77,73
66602a58f7b51745f5c6ab9b,female,group D,some high school,standard,none,65,82,81
66602a58f7b51745f5c6ab9c,female,group D,master's degree,standard,none,54,60,63
66602a58f7b51745f5c6ab9d,female,group C,high school,standard,none,29,29,30
66602a58f7b51745f5c6ab9e,female,group E,some college,standard,none,76,78,80
66602a58f7b51745f5c6ab9f,male,group D,high school,free/reduced,none,60,57,51
66602a58f7b51745f5c6aba0,male,group D,master's degree,free/reduced,completed,84,89,90
66602a58f7b51745f5c6aba1,male,group C,some high school,standard,none,75,72,62
66602a58f7b51745f5c6aba2,female,group C,associate's degree,standard,none,85,84,82
66602a58f7b51745f5c6aba3,female,group C,master's degree,free/reduced,none,40,58,54
66602a58f7b51745f5c6aba4,female,group E,some college,standard,none,61,64,62
66602a58f7b51745f5c6aba5,female,group B,associate's degree,standard,none,58,63,65
66602a58f7b51745f5c6aba6,male,group D,some college,free/reduced,completed,69,60,63
66602a58f7b51745f5c6aba7,female,group C,some college,standard,none,58,59,66
66602a58f7b51745f5c6aba8,male,group C,bachelor's degree,standard,completed,94,90,91
66602a58f7b51745f5c6aba9,female,group C,associate's degree,standard,none,65,77,74
66602a58f7b51745f5c6abaa,female,group A,associate's degree,standard,none,82,93,93
66602a58f7b51745f5c6abab,female,group C,high school,standard,none,60,68,72
66602a58f7b51745f5c6abac,female,group E,bachelor's degree,standard,none,37,45,38
66602a58f7b51745f5c6abad,male,group D,bachelor's degree,standard,none,88,78,83
66602a58f7b51745f5c6abae,male,group D,master's degree,standard,none,95,81,84
66602a58f7b51745f5c6abaf,male,group C,associate's degree,free/reduced,completed,65,73,68
66602a58f7b51745f5c6abb0,female,group C,high school,free/reduced,none,35,61,54
66602a58f7b51745f5c6abb1,male,group B,bachelor's degree,free/reduced,none,62,63,56
66602a58f7b51745f5c6abb2,male,group C,high school,free/reduced,completed,58,51,52
66602a58f7b51745f5c6abb3,male,group A,some college,standard,completed,100,96,86
66602a58f7b51745f5c6abb4,female,group E,bachelor's degree,free/reduced,none,61,58,62
66602a58f7b51745f5c6abb5,male,group D,some college,standard,completed,100,97,99
66602a58f7b51745f5c6abb6,male,group B,associate's degree,free/reduced,completed,69,70,63
66602a58f7b51745f5c6abb7,male,group D,associate's degree,standard,none,61,48,46
66602a58f7b51745f5c6abb8,male,group D,some college,free/reduced,none,49,57,46
66602a58f7b51745f5c6abb9,female,group C,some high school,standard,completed,44,51,55
66602a58f7b51745f5c6abba,male,group D,some college,standard,none,67,64,70
66602a58f7b51745f5c6abbb,male,group B,high school,standard,none,79,60,65
66602a58f7b51745f5c6abbc,female,group B,bachelor's degree,standard,completed,66,74,81
66602a58f7b51745f5c6abbd,female,group C,high school,standard,none,75,88,85
66602a58f7b51745f5c6abbe,male,group D,some high school,standard,none,84,84,80
66602a58f7b51745f5c6abbf,male,group A,high school,standard,none,71,74,64
66602a58f7b51745f5c6abc0,female,group B,high school,free/reduced,completed,67,80,81
66602a58f7b51745f5c6abc1,female,group D,some high school,standard,completed,80,92,88
66602a58f7b51745f5c6abc2,male,group E,some college,standard,none,86,76,74
66602a58f7b51745f5c6abc3,female,group D,associate's degree,standard,none,76,74,73
66602a58f7b51745f5c6abc4,male,group D,high school,standard,none,41,52,51
66602a58f7b51745f5c6abc5,female,group D,associate's degree,free/reduced,completed,74,88,90
66602a58f7b51745f5c6abc6,female,group B,some high school,free/reduced,none,72,81,79
66602a58f7b51745f5c6abc7,female,group E,high school,standard,completed,74,79,80
66602a58f7b51745f5c6abc8,male,group B,high school,standard,none,70,65,60
66602a58f7b51745f5c6abc9,female,group B,bachelor's degree,standard,completed,65,81,81
66602a58f7b51745f5c6abca,female,group D,associate's degree,standard,none,59,70,65
66602a58f7b51745f5c6abcb,female,group E,high school,free/reduced,none,64,62,68
66602a58f7b51745f5c6abcc,female,group B,high school,standard,none,50,53,55
66602a58f7b51745f5c6abcd,female,group D,some college,standard,completed,69,79,81
66602a58f7b51745f5c6abce,male,group C,some high school,free/reduced,completed,51,56,53
66602a58f7b51745f5c6abcf,female,group A,high school,standard,completed,68,80,76
66602a58f7b51745f5c6abd0,female,group D,some college,standard,completed,85,86,98
66602a58f7b51745f5c6abd1,female,group A,associate's degree,standard,completed,65,70,74
66602a58f7b51745f5c6abd2,female,group B,some high school,standard,none,73,79,79
66602a58f7b51745f5c6abd3,female,group B,some college,standard,none,62,67,67
66602a58f7b51745f5c6abd4,male,group C,associate's degree,free/reduced,none,77,67,64
66602a58f7b51745f5c6abd5,male,group D,some high school,standard,none,69,66,61
66602a58f7b51745f5c6abd6,female,group D,associate's degree,free/reduced,none,43,60,58
66602a58f7b51745f5c6abd7,male,group D,associate's degree,standard,none,90,87,85
66602a58f7b51745f5c6abd8,male,group C,some college,free/reduced,none,74,77,73
66602a58f7b51745f5c6abd9,male,group C,some high school,standard,none,73,66,63
66602a58f7b51745f5c6abda,female,group D,some college,free/reduced,none,55,71,69
66602a58f7b51745f5c6abdb,female,group C,high school,standard,none,65,69,67
66602a58f7b51745f5c6abdc,male,group D,associate's degree,standard,none,80,63,63
66602a58f7b51745f5c6abdd,female,group C,some high school,free/reduced,completed,50,60,60
66602a58f7b51745f5c6abde,female,group C,some college,free/reduced,completed,63,73,71
66602a58f7b51745f5c6abdf,female,group B,bachelor's degree,free/reduced,none,77,85,87
66602a58f7b51745f5c6abe0,male,group C,some college,standard,none,73,74,61
66602a58f7b51745f5c6abe1,male,group D,associate's degree,standard,completed,81,72,77
66602a58f7b51745f5c6abe2,female,group C,high school,free/reduced,none,66,76,68
66602a58f7b51745f5c6abe3,male,group D,associate's degree,free/reduced,none,52,57,50
66602a58f7b51745f5c6abe4,female,group C,some college,standard,none,69,78,76
66602a58f7b51745f5c6abe5,female,group C,associate's degree,standard,completed,65,84,84
66602a58f7b51745f5c6abe6,female,group D,high school,standard,completed,69,77,78
66602a58f7b51745f5c6abe7,female,group B,some college,standard,completed,50,64,66
66602a58f7b51745f5c6abe8,female,group E,some college,standard,completed,73,78,76
66602a58f7b51745f5c6abe9,female,group C,some high school,standard,completed,70,82,76
66602a58f7b51745f5c6abea,male,group D,associate's degree,free/reduced,none,81,75,78
66602a58f7b51745f5c6abeb,male,group D,some college,free/reduced,none,63,61,60
66602a58f7b51745f5c6abec,female,group D,high school,standard,none,67,72,74
66602a58f7b51745f5c6abed,male,group B,high school,standard,none,60,68,60
66602a58f7b51745f5c6abee,male,group B,high school,standard,none,62,55,54
66602a58f7b51745f5c6abef,female,group C,some high school,free/reduced,completed,29,40,44
66602a58f7b51745f5c6abf0,male,group B,some college,standard,completed,62,66,68
66602a58f7b51745f5c6abf1,female,group E,master's degree,standard,completed,94,99,100
66602a58f7b51745f5c6abf2,male,group E,some college,standard,completed,85,75,68
66602a58f7b51745f5c6abf3,male,group D,associate's degree,free/reduced,none,77,78,73
66602a58f7b51745f5c6abf4,male,group A,high school,free/reduced,none,53,58,44
66602a58f7b51745f5c6abf5,male,group E,some college,free/reduced,none,93,90,83
66602a58f7b51745f5c6abf6,female,group C,associate's degree,standard,none,49,53,53
66602a58f7b51745f5c6abf7,female,group E,associate's degree,free/reduced,none,73,76,78
66602a58f7b51745f5c6abf8,female,group C,bachelor's degree,free/reduced,completed,66,74,81
66602a58f7b51745f5c6abf9,female,group D,associate's degree,standard,none,77,77,73
66602a58f7b51745f5c6abfa,female,group C,some high school,standard,none,49,63,56
66602a58f7b51745f5c6abfb,female,group D,some college,free/reduced,none,79,89,86
66602a58f7b51745f5c6abfc,female,group C,associate's degree,standard,completed,75,82,90
66602a58f7b51745f5c6abfd,female,group A,bachelor's degree,standard,none,59,72,70
66602a58f7b51745f5c6abfe,female,group D,associate's degree,standard,completed,57,78,79
66602a58f7b51745f5c6abff,male,group C,high school,free/reduced,none,66,66,59
66602a58f7b51745f5c6ac00,female,group E,bachelor's degree,standard,completed,79,81,82
66602a58f7b51745f5c6ac01,female,group B,some high school,standard,none,57,67,72
66602a58f7b51745f5c6ac02,male,group A,bachelor's degree,standard,completed,87,84,87
66602a58f7b51745f5c6ac03,female,group D,some college,standard,none,63,64,67
66602a58f7b51745f5c6ac04,female,group B,some high school,free/reduced,completed,59,63,64
66602a58f7b51745f5c6ac05,male,group A,bachelor's degree,free/reduced,none,62,72,65
66602a58f7b51745f5c6ac06,male,group D,high school,standard,none,46,34,36
66602a58f7b51745f5c6ac07,male,group C,some college,standard,none,66,59,52
66602a58f7b51745f5c6ac08,male,group D,high school,standard,none,89,87,79
66602a58f7b51745f5c6ac09,female,group D,associate's degree,free/reduced,completed,42,61,58
66602a58f7b51745f5c6ac0a,male,group C,some college,standard,completed,93,84,90
66602a58f7b51745f5c6ac0b,female,group E,some high school,standard,completed,80,85,85
66602a58f7b51745f5c6ac0c,female,group D,some college,standard,none,98,100,99
66602a58f7b51745f5c6ac0d,male,group D,master's degree,standard,none,81,81,84
66602a58f7b51745f5c6ac0e,female,group B,some high school,standard,completed,60,70,74
66602a58f7b51745f5c6ac0f,female,group B,associate's degree,free/reduced,completed,76,94,87
66602a58f7b51745f5c6ac10,male,group C,associate's degree,standard,completed,73,78,72
66602a58f7b51745f5c6ac11,female,group C,associate's degree,standard,completed,96,96,99
66602a58f7b51745f5c6ac12,female,group C,high school,standard,none,76,76,74
66602a58f7b51745f5c6ac13,male,group E,associate's degree,free/reduced,completed,91,73,80
66602a58f7b51745f5c6ac14,female,group C,some college,free/reduced,none,62,72,70
66602a58f7b51745f5c6ac15,male,group D,some high school,free/reduced,completed,55,59,59
66602a58f7b51745f5c6ac16,female,group B,some high school,free/reduced,completed,74,90,88
66602a58f7b51745f5c6ac17,male,group C,high school,standard,none,50,48,42
66602a58f7b51745f5c6ac18,male,group B,some college,standard,none,47,43,41
66602a58f7b51745f5c6ac19,male,group E,some college,standard,completed,81,74,71
66602a58f7b51745f5c6ac1a,female,group E,associate's degree,standard,completed,65,75,77
66602a58f7b51745f5c6ac1b,male,group E,some high school,standard,completed,68,51,57
66602a58f7b51745f5c6ac1c,female,group D,high school,free/reduced,none,73,92,84
66602a58f7b51745f5c6ac1d,male,group C,some college,standard,none,53,39,37
66602a58f7b51745f5c6ac1e,female,group B,associate's degree,free/reduced,completed,68,77,80
66602a58f7b51745f5c6ac1f,male,group A,some high school,free/reduced,none,55,46,43
66602a58f7b51745f5c6ac20,female,group C,some college,standard,completed,87,89,94
66602a58f7b51745f5c6ac21,male,group D,some high school,standard,none,55,47,44
66602a58f7b51745f5c6ac22,female,group E,some college,free/reduced,none,53,58,57
66602a58f7b51745f5c6ac23,male,group C,master's degree,standard,none,67,57,59
66602a58f7b51745f5c6ac24,male,group C,associate's degree,standard,none,92,79,84
66602a58f7b51745f5c6ac25,female,group B,some college,free/reduced,completed,53,66,73
66602a58f7b51745f5c6ac26,male,group D,associate's degree,standard,none,81,71,73
66602a58f7b51745f5c6ac27,male,group C,high school,free/reduced,none,61,60,55
66602a58f7b51745f5c6ac28,male,group D,bachelor's degree,standard,none,80,73,72
66602a58f7b51745f5c6ac29,female,group A,associate's degree,free/reduced,none,37,57,56
66602a58f7b51745f5c6ac2a,female,group C,high school,standard,none,81,84,82
66602a58f7b51745f5c6ac2b,female,group C,associate's degree,standard,completed,59,73,72
66602a58f7b51745f5c6ac2c,male,group B,some college,free/reduced,none,55,55,47
66602a58f7b51745f5c6ac2d,male,group D,associate's degree,standard,none,72,79,74
66602a58f7b51745f5c6ac2e,male,group D,high school,standard,none,69,75,71
66602a58f7b51745f5c6ac2f,male,group C,some college,standard,none,69,64,68
66602a58f7b51745f5c6ac30,female,group C,bachelor's degree,free/reduced,none,50,60,59
66602a58f7b51745f5c6ac31,male,group B,some college,standard,completed,87,84,86
66602a58f7b51745f5c6ac32,male,group D,some high school,standard,completed,71,69,68
66602a58f7b51745f5c6ac33,male,group E,some college,standard,none,68,72,65
66602a58f7b51745f5c6ac34,male,group C,master's degree,free/reduced,completed,79,77,75
66602a58f7b51745f5c6ac35,female,group C,some high school,standard,completed,77,90,85
66602a58f7b51745f5c6ac36,male,group C,associate's degree,free/reduced,none,58,55,53
66602a58f7b51745f5c6ac37,female,group E,associate's degree,standard,none,84,95,92
66602a58f7b51745f5c6ac38,male,group D,some college,standard,none,55,58,52
66602a58f7b51745f5c6ac39,male,group E,bachelor's degree,free/reduced,completed,70,68,72
66602a58f7b51745f5c6ac3a,female,group D,some college,free/reduced,completed,52,59,65
66602a58f7b51745f5c6ac3b,male,group B,some college,standard,completed,69,77,77
66602a58f7b51745f5c6ac3c,female,group C,high school,free/reduced,none,53,72,64
66602a58f7b51745f5c6ac3d,female,group D,some high school,standard,none,48,58,54
66602a58f7b51745f5c6ac3e,male,group D,some high school,standard,completed,78,81,86
66602a58f7b51745f5c6ac3f,female,group B,high school,standard,none,62,62,63
66602a58f7b51745f5c6ac40,male,group D,some college,standard,none,60,63,59
66602a58f7b51745f5c6ac41,female,group B,high school,standard,none,74,72,72
66602a58f7b51745f5c6ac42,female,group C,high school,standard,completed,58,75,77
66602a58f7b51745f5c6ac43,male,group B,high school,standard,completed,76,62,60
66602a58f7b51745f5c6ac44,female,group D,some high school,standard,none,68,71,75
66602a58f7b51745f5c6ac45,male,group A,some college,free/reduced,none,58,60,57
66602a58f7b51745f5c6ac46,male,group B,high school,standard,none,52,48,49
66602a58f7b51745f5c6ac47,male,group D,bachelor's degree,standard,none,75,73,74
66602a58f7b51745f5c6ac48,female,group B,some high school,free/reduced,completed,52,67,72
66602a58f7b51745f5c6ac49,female,group C,bachelor's degree,free/reduced,none,62,78,79
66602a58f7b51745f5c6ac4a,male,group B,some college,standard,none,66,65,60
66602a58f7b51745f5c6ac4b,female,group B,some high school,free/reduced,none,49,58,55
66602a58f7b51745f5c6ac4c,female,group B,high school,standard,none,66,72,70
66602a58f7b51745f5c6ac4d,female,group C,some college,free/reduced,none,35,44,43
66602a58f7b51745f5c6ac4e,female,group A,some college,standard,completed,72,79,82
66602a58f7b51745f5c6ac4f,male,group E,associate's degree,standard,completed,94,85,82
66602a58f7b51745f5c6ac50,female,group D,associate's degree,free/reduced,none,46,56,57
66602a58f7b51745f5c6ac51,female,group B,master's degree,standard,none,77,90,84
66602a58f7b51745f5c6ac52,female,group B,high school,free/reduced,completed,76,85,82
66602a58f7b51745f5c6ac53,female,group C,associate's degree,standard,completed,52,59,62
66602a58f7b51745f5c6ac54,male,group C,bachelor's degree,standard,completed,91,81,79
66602a58f7b51745f5c6ac55,female,group B,some high school,standard,completed,32,51,44
66602a58f7b51745f5c6ac56,female,group E,some high school,free/reduced,none,72,79,77
66602a58f7b51745f5c6ac57,female,group B,some college,standard,none,19,38,32
66602a58f7b51745f5c6ac58,male,group C,associate's degree,free/reduced,none,68,65,61
66602a58f7b51745f5c6ac59,female,group C,master's degree,free/reduced,none,52,65,61
66602a58f7b51745f5c6ac5a,female,group B,high school,standard,none,48,62,60
66602a58f7b51745f5c6ac5b,female,group D,some college,free/reduced,none,60,66,70
66602a58f7b51745f5c6ac5c,male,group D,high school,free/reduced,none,66,74,69
66602a58f7b51745f5c6ac5d,male,group E,some high school,standard,completed,89,84,77
66602a58f7b51745f5c6ac5e,female,group B,high school,standard,none,42,52,51
66602a58f7b51745f5c6ac5f,female,group E,associate's degree,free/reduced,completed,57,68,73
66602a58f7b51745f5c6ac60,male,group D,high school,standard,none,70,70,70
66602a58f7b51745f5c6ac61,female,group E,associate's degree,free/reduced,none,70,84,81
66602a58f7b51745f5c6ac62,male,group E,some college,standard,none,69,60,54
66602a58f7b51745f5c6ac63,female,group C,associate's degree,standard,none,52,55,57
66602a58f7b51745f5c6ac64,male,group C,some high school,standard,completed,67,73,68
66602a58f7b51745f5c6ac65,male,group C,some high school,standard,completed,76,80,73
66602a58f7b51745f5c6ac66,female,group E,associate's degree,standard,none,87,94,95
66602a58f7b51745f5c6ac67,female,group B,some college,standard,none,82,85,87
66602a58f7b51745f5c6ac68,female,group C,some college,standard,none,73,76,78
66602a58f7b51745f5c6ac69,male,group A,some college,free/reduced,none,75,81,74
66602a58f7b51745f5c6ac6a,female,group D,some college,free/reduced,none,64,74,75
66602a58f7b51745f5c6ac6b,female,group E,high school,free/reduced,none,41,45,40
66602a58f7b51745f5c6ac6c,male,group C,high school,standard,none,90,75,69
66602a58f7b51745f5c6ac6d,male,group B,bachelor's degree,standard,none,59,54,51
66602a58f7b51745f5c6ac6e,male,group A,some high school,standard,none,51,31,36
66602a58f7b51745f5c6ac6f,male,group A,high school,free/reduced,none,45,47,49
66602a58f7b51745f5c6ac70,female,group C,master's degree,standard,completed,54,64,67
66602a58f7b51745f5c6ac71,male,group E,some high school,standard,completed,87,84,76
66602a58f7b51745f5c6ac72,female,group C,high school,standard,none,72,80,83
66602a58f7b51745f5c6ac73,male,group B,some high school,standard,completed,94,86,87
66602a58f7b51745f5c6ac74,female,group A,bachelor's degree,standard,none,45,59,64
66602a58f7b51745f5c6ac75,male,group D,bachelor's degree,free/reduced,completed,61,70,76
66602a58f7b51745f5c6ac76,female,group B,high school,free/reduced,none,60,72,68
66602a58f7b51745f5c6ac77,female,group C,some high school,standard,none,77,91,88
66602a58f7b51745f5c6ac78,female,group A,some high school,standard,completed,85,90,92
66602a58f7b51745f5c6ac79,female,group D,bachelor's degree,free/reduced,none,78,90,93
66602a58f7b51745f5c6ac7a,male,group E,some college,free/reduced,completed,49,52,51
66602a58f7b51745f5c6ac7b,female,group B,high school,free/reduced,none,71,87,82
66602a58f7b51745f5c6ac7c,female,group C,some high school,free/reduced,none,48,58,52
66602a58f7b51745f5c6ac7d,male,group C,high school,standard,none,62,67,58
66602a58f7b51745f5c6ac7e,female,group C,associate's degree,free/reduced,completed,56,68,70
66602a58f7b51745f5c6ac7f,female,group C,some high school,standard,none,65,69,76
66602a58f7b51745f5c6ac80,female,group D,some high school,free/reduced,completed,69,86,81
66602a58f7b51745f5c6ac81,male,group B,some high school,standard,none,68,54,53
66602a58f7b51745f5c6ac82,female,group A,some college,free/reduced,none,61,60,57
66602a58f7b51745f5c6ac83,female,group C,bachelor's degree,free/reduced,completed,74,86,89
66602a58f7b51745f5c6ac84,male,group A,bachelor's degree,standard,none,64,60,58
66602a58f7b51745f5c6ac85,female,group B,high school,standard,completed,77,82,89
66602a58f7b51745f5c6ac86,male,group B,some college,standard,none,58,50,45
66602a58f7b51745f5c6ac87,female,group C,high school,standard,completed,60,64,74
66602a58f7b51745f5c6ac88,male,group E,high school,standard,none,73,64,57
66602a58f7b51745f5c6ac89,female,group A,high school,standard,completed,75,82,79
66602a58f7b51745f5c6ac8a,male,group B,associate's degree,free/reduced,completed,58,57,53
66602a58f7b51745f5c6ac8b,female,group C,associate's degree,standard,none,66,77,73
66602a58f7b51745f5c6ac8c,female,group D,high school,free/reduced,none,39,52,46
66602a58f7b51745f5c6ac8d,male,group C,some high school,standard,none,64,58,51
66602a58f7b51745f5c6ac8e,female,group B,high school,free/reduced,completed,23,44,36
66602a58f7b51745f5c6ac8f,male,group B,some college,free/reduced,completed,74,77,76
66602a58f7b51745f5c6ac90,female,group D,some high school,free/reduced,completed,40,65,64
66602a58f7b51745f5c6ac91,male,group E,master's degree,standard,none,90,85,84
66602a58f7b51745f5c6ac92,male,group C,master's degree,standard,completed,91,85,85
66602a58f7b51745f5c6ac93,male,group D,high school,standard,none,64,54,50
66602a58f7b51745f5c6ac94,female,group C,high school,standard,none,59,72,68
66602a58f7b51745f5c6ac95,male,group D,associate's degree,standard,none,80,75,69
66602a58f7b51745f5c6ac96,male,group C,master's degree,standard,none,71,67,67
66602a58f7b51745f5c6ac97,female,group A,high school,standard,none,61,68,63
66602a58f7b51745f5c6ac98,female,group E,some college,standard,none,87,85,93
66602a58f7b51745f5c6ac99,male,group E,some high school,standard,none,82,67,61
66602a58f7b51745f5c6ac9a,male,group C,some high school,standard,none,62,64,55
66602a58f7b51745f5c6ac9b,female,group B,bachelor's degree,standard,none,97,97,96
66602a58f7b51745f5c6ac9c,male,group B,some college,free/reduced,none,75,68,65
66602a58f7b51745f5c6ac9d,female,group C,bachelor's degree,standard,none,65,79,81
66602a58f7b51745f5c6ac9e,male,group B,high school,standard,completed,52,49,46
66602a58f7b51745f5c6ac9f,male,group C,associate's degree,free/reduced,none,87,73,72
66602a58f7b51745f5c6aca0,female,group C,associate's degree,standard,none,53,62,53
66602a58f7b51745f5c6aca1,female,group E,master's degree,free/reduced,none,81,86,87
66602a58f7b51745f5c6aca2,male,group D,bachelor's degree,free/reduced,completed,39,42,38
66602a58f7b51745f5c6aca3,female,group C,some college,standard,completed,71,71,80
66602a58f7b51745f5c6aca4,male,group C,associate's degree,standard,none,97,93,91
66602a58f7b51745f5c6aca5,male,group D,some college,standard,completed,82,82,88
66602a58f7b51745f5c6aca6,male,group C,high school,free/reduced,none,59,53,52
66602a58f7b51745f5c6aca7,male,group B,associate's degree,standard,none,61,42,41
66602a58f7b51745f5c6aca8,male,group E,associate's degree,free/reduced,completed,78,74,72
66602a58f7b51745f5c6aca9,male,group C,associate's degree,free/reduced,none,49,51,51
66602a58f7b51745f5c6acaa,male,group B,high school,standard,none,59,58,47
66602a58f7b51745f5c6acab,female,group C,some college,standard,completed,70,72,76
66602a58f7b51745f5c6acac,male,group B,associate's degree,standard,completed,82,84,78
66602a58f7b51745f5c6acad,male,group E,associate's degree,free/reduced,none,90,90,82
66602a58f7b51745f5c6acae,female,group C,bachelor's degree,free/reduced,none,43,62,61
66602a58f7b51745f5c6acaf,male,group C,some college,free/reduced,none,80,64,66
66602a58f7b51745f5c6acb0,male,group D,some college,standard,none,81,82,84
66602a58f7b51745f5c6acb1,male,group C,some high school,standard,none,57,61,54
66602a58f7b51745f5c6acb2,female,group D,some high school,standard,none,59,72,80
66602a58f7b51745f5c6acb3,female,group D,associate's degree,standard,none,64,76,74
66602a58f7b51745f5c6acb4,male,group C,bachelor's degree,standard,completed,63,64,66
66602a58f7b51745f5c6acb5,female,group E,bachelor's degree,standard,completed,71,70,70
66602a58f7b51745f5c6acb6,female,group B,high school,free/reduced,none,64,73,71
66602a58f7b51745f5c6acb7,male,group D,bachelor's degree,free/reduced,none,55,46,44
66602a58f7b51745f5c6acb8,female,group E,associate's degree,standard,none,51,51,54
66602a58f7b51745f5c6acb9,female,group C,associate's degree,standard,completed,62,76,80
66602a58f7b51745f5c6acba,female,group E,associate's degree,standard,completed,93,100,95
66602a58f7b51745f5c6acbb,male,group C,high school,free/reduced,none,54,72,59
66602a58f7b51745f5c6acbc,female,group D,some college,free/reduced,none,69,65,74
66602a58f7b51745f5c6acbd,male,group D,high school,free/reduced,none,44,51,48
66602a58f7b51745f5c6acbe,female,group E,some college,standard,completed,86,85,91
66602a58f7b51745f5c6acbf,female,group E,associate's degree,standard,none,85,92,85
66602a58f7b51745f5c6acc0,female,group A,master's degree,free/reduced,none,50,67,73
66602a58f7b51745f5c6acc1,male,group D,some high school,standard,completed,88,74,75
66602a58f7b51745f5c6acc2,female,group E,associate's degree,standard,none,59,62,69
66602a58f7b51745f5c6acc3,female,group E,some high school,free/reduced,none,32,34,38
66602a58f7b51745f5c6acc4,male,group B,high school,free/reduced,none,36,29,27
66602a58f7b51745f5c6acc5,female,group B,some high school,free/reduced,completed,63,78,79
66602a58f7b51745f5c6acc6,male,group D,associate's degree,standard,completed,67,54,63
66602a58f7b51745f5c6acc7,female,group D,some high school,standard,completed,65,78,82
66602a58f7b51745f5c6acc8,male,group D,master's degree,standard,none,85,84,89
66602a58f7b51745f5c6acc9,female,group C,master's degree,standard,none,73,78,74
66602a58f7b51745f5c6acca,female,group A,high school,free/reduced,completed,34,48,41
66602a58f7b51745f5c6accb,female,group D,bachelor's degree,free/reduced,completed,93,100,100
66602a58f7b51745f5c6accc,female,group D,some high school,free/reduced,none,67,84,84
66602a58f7b51745f5c6accd,male,group D,some college,standard,none,88,77,77
66602a58f7b51745f5c6acce,male,group B,high school,standard,none,57,48,51
66602a58f7b51745f5c6accf,female,group D,some college,standard,completed,79,84,91
66602a58f7b51745f5c6acd0,female,group C,bachelor's degree,free/reduced,none,67,75,72
66602a58f7b51745f5c6acd1,male,group E,bachelor's degree,standard,completed,70,64,70
66602a58f7b51745f5c6acd2,male,group D,bachelor's degree,free/reduced,none,50,42,48
66602a58f7b51745f5c6acd3,female,group A,some college,standard,none,69,84,82
66602a58f7b51745f5c6acd4,female,group C,bachelor's degree,standard,completed,52,61,66
66602a58f7b51745f5c6acd5,female,group C,bachelor's degree,free/reduced,completed,47,62,66
66602a58f7b51745f5c6acd6,female,group B,associate's degree,free/reduced,none,46,61,55
66602a58f7b51745f5c6acd7,female,group E,some college,standard,none,68,70,66
66602a58f7b51745f5c6acd8,male,group E,bachelor's degree,standard,completed,100,100,100
66602a58f7b51745f5c6acd9,female,group C,high school,standard,none,44,61,52
66602a58f7b51745f5c6acda,female,group C,associate's degree,standard,completed,57,77,80
66602a58f7b51745f5c6acdb,male,group B,some college,standard,completed,91,96,91
66602a58f7b51745f5c6acdc,male,group D,high school,free/reduced,none,69,70,67
66602a58f7b51745f5c6acdd,female,group C,high school,free/reduced,none,35,53,46
66602a58f7b51745f5c6acde,male,group D,high school,standard,none,72,66,66
66602a58f7b51745f5c6acdf,female,group B,associate's degree,free/reduced,none,54,65,65
66602a58f7b51745f5c6ace0,male,group D,high school,free/reduced,none,74,70,69
66602a58f7b51745f5c6ace1,male,group E,some high school,standard,completed,74,64,60
66602a58f7b51745f5c6ace2,male,group E,associate's degree,free/reduced,none,64,56,52
66602a58f7b51745f5c6ace3,female,group D,high school,free/reduced,completed,65,61,71
66602a58f7b51745f5c6ace4,male,group E,associate's degree,free/reduced,completed,46,43,44
66602a58f7b51745f5c6ace5,female,group C,some high school,free/reduced,none,48,56,51
66602a58f7b51745f5c6ace6,male,group C,some college,free/reduced,completed,67,74,70
66602a58f7b51745f5c6ace7,male,group D,some college,free/reduced,none,62,57,62
66602a58f7b51745f5c6ace8,male,group D,associate's degree,free/reduced,completed,61,71,73
66602a58f7b51745f5c6ace9,male,group C,bachelor's degree,free/reduced,completed,70,75,74
66602a58f7b51745f5c6acea,male,group C,associate's degree,standard,completed,98,87,90
66602a58f7b51745f5c6aceb,male,group D,some college,free/reduced,none,70,63,58
66602a58f7b51745f5c6acec,male,group A,associate's degree,standard,none,67,57,53
66602a58f7b51745f5c6aced,female,group E,high school,free/reduced,none,57,58,57
66602a58f7b51745f5c6acee,male,group D,some college,standard,completed,85,81,85
66602a58f7b51745f5c6acef,male,group D,some high school,standard,completed,77,68,69
66602a58f7b51745f5c6acf0,male,group C,master's degree,free/reduced,completed,72,66,72
66602a58f7b51745f5c6acf1,female,group D,master's degree,standard,none,78,91,96
66602a58f7b51745f5c6acf2,male,group C,high school,standard,none,81,66,64
66602a58f7b51745f5c6acf3,male,group A,some high school,free/reduced,completed,61,62,61
66602a58f7b51745f5c6acf4,female,group B,high school,standard,none,58,68,61
66602a58f7b51745f5c6acf5,female,group C,associate's degree,standard,none,54,61,58
66602a58f7b51745f5c6acf6,male,group B,high school,standard,none,82,82,80
66602a58f7b51745f5c6acf7,female,group D,some college,free/reduced,none,49,58,60
66602a58f7b51745f5c6acf8,male,group B,some high school,free/reduced,completed,49,50,52
66602a58f7b51745f5c6acf9,female,group E,high school,free/reduced,completed,57,75,73
66602a58f7b51745f5c6acfa,male,group E,high school,standard,none,94,73,71
66602a58f7b51745f5c6acfb,female,group D,some college,standard,completed,75,77,83
66602a58f7b51745f5c6acfc,female,group E,some high school,free/reduced,none,74,74,72
66602a58f7b51745f5c6acfd,male,group C,high school,standard,completed,58,52,54
66602a58f7b51745f5c6acfe,female,group C,some college,standard,none,62,69,69
66602a58f7b51745f5c6acff,male,group E,associate's degree,standard,none,72,57,62
66602a58f7b51745f5c6ad00,male,group C,some college,standard,none,84,87,81
66602a58f7b51745f5c6ad01,female,group D,master's degree,standard,none,92,100,100
66602a58f7b51745f5c6ad02,female,group D,high school,standard,none,45,63,59
66602a58f7b51745f5c6ad03,male,group C,high school,standard,none,75,81,71
66602a58f7b51745f5c6ad04,female,group A,some college,standard,none,56,58,64
66602a58f7b51745f5c6ad05,female,group D,some high school,free/reduced,none,48,54,53
66602a58f7b51745f5c6ad06,female,group E,associate's degree,standard,none,100,100,100
66602a58f7b51745f5c6ad07,female,group C,some high school,free/reduced,completed,65,76,75
66602a58f7b51745f5c6ad08,male,group D,some college,standard,none,72,57,58
66602a58f7b51745f5c6ad09,female,group D,some college,standard,none,62,70,72
66602a58f7b51745f5c6ad0a,male,group A,some high school,standard,completed,66,68,64
66602a58f7b51745f5c6ad0b,male,group C,some college,standard,none,63,63,60
66602a58f7b51745f5c6ad0c,female,group E,associate's degree,standard,none,68,76,67
66602a58f7b51745f5c6ad0d,female,group B,bachelor's degree,standard,none,75,84,80
66602a58f7b51745f5c6ad0e,female,group D,bachelor's degree,standard,none,89,100,100
66602a58f7b51745f5c6ad0f,male,group C,some high school,standard,completed,78,72,69
66602a58f7b51745f5c6ad10,female,group A,high school,free/reduced,completed,53,50,60
66602a58f7b51745f5c6ad11,female,group D,some college,free/reduced,none,49,65,61
66602a58f7b51745f5c6ad12,female,group A,some college,standard,none,54,63,67
66602a58f7b51745f5c6ad13,female,group C,some college,standard,completed,64,82,77
66602a58f7b51745f5c6ad14,male,group B,some college,free/reduced,completed,60,62,60
66602a58f7b51745f5c6ad15,male,group C,associate's degree,standard,none,62,65,58
66602a58f7b51745f5c6ad16,male,group D,high school,standard,completed,55,41,48
66602a58f7b51745f5c6ad17,female,group C,associate's degree,standard,none,91,95,94
66602a58f7b51745f5c6ad18,female,group B,high school,free/reduced,none,8,24,23
66602a58f7b51745f5c6ad19,male,group D,some high school,standard,none,81,78,78
66602a58f7b51745f5c6ad1a,male,group B,some high school,standard,completed,79,85,86
66602a58f7b51745f5c6ad1b,female,group A,some college,standard,completed,78,87,91
66602a58f7b51745f5c6ad1c,female,group C,some high school,standard,none,74,75,82
66602a58f7b51745f5c6ad1d,male,group A,high school,standard,none,57,51,54
66602a58f7b51745f5c6ad1e,female,group C,associate's degree,standard,none,40,59,51
66602a58f7b51745f5c6ad1f,male,group E,some high school,standard,completed,81,75,76
66602a58f7b51745f5c6ad20,female,group A,some high school,free/reduced,none,44,45,45
66602a58f7b51745f5c6ad21,female,group D,some college,free/reduced,completed,67,86,83
66602a58f7b51745f5c6ad22,male,group E,high school,free/reduced,completed,86,81,75
66602a58f7b51745f5c6ad23,female,group B,some high school,standard,completed,65,82,78
66602a58f7b51745f5c6ad24,female,group D,associate's degree,free/reduced,none,55,76,76
66602a58f7b51745f5c6ad25,female,group D,bachelor's degree,free/reduced,none,62,72,74
66602a58f7b51745f5c6ad26,male,group A,high school,standard,none,63,63,62
66602a58f7b51745f5c6ad27,female,group E,master's degree,standard,completed,88,99,95
66602a58f7b51745f5c6ad28,male,group C,high school,free/reduced,none,62,55,55
66602a58f7b51745f5c6ad29,female,group C,high school,free/reduced,completed,59,71,65
66602a58f7b51745f5c6ad2a,female,group D,some college,standard,completed,68,78,77
66602a58f7b51745f5c6ad2b,female,group D,some college,free/reduced,none,77,86,86
